x,dp_revenue,dp_pct,dp_load_factor,dp_sold_out,fixed_price,fixed_pct,rising_prices,rising_pct
-0.5,904.4768,75.7814,0.9833,0.8853,80,65.9513,80-80,65.9513
-0.45,983.7025,82.4193,0.9712,0.82,80,65.9513,80-110,75.1688
-0.4,1025.3419,85.908,0.9587,0.7676,110,85.2445,80-110,75.1688
-0.35,1063.3536,89.0928,0.9452,0.6923,110,85.2445,80-110,75.1688
-0.3,1097.2703,91.9345,0.9323,0.6353,110,85.2445,80-140,83.6698
-0.25,1130.0384,94.68,0.9097,0.5503,110,85.2445,110-140,92.3508
-0.2,1159.4189,97.1416,0.8799,0.4565,140,95.1967,110-140,92.3508
-0.15,1174.5038,98.4055,0.8583,0.3944,140,95.1967,110-170,96.1348
-0.1,1184.2302,99.2204,0.8354,0.3424,140,95.1967,110-170,96.1348
-0.05,1190.9484,99.7833,0.802,0.2752,140,95.1967,140-170,97.7018
0.0,1193.5348,100.0,0.77,0.2276,170,96.076,140-170,97.7018
0.05,1191.9454,99.8668,0.7465,0.1951,170,96.076,140-200,97.1028
0.1,1187.1724,99.4669,0.7202,0.161,170,96.076,140-200,97.1028
0.15,1176.186,98.5464,0.6779,0.1343,170,96.076,170-200,94.9075
0.2,1166.8084,97.7607,0.655,0.1143,200,91.5957,170-200,94.9075
0.25,1157.1072,96.9479,0.6355,0.0982,200,91.5957,170-200,94.9075
0.3,1148.79,96.2511,0.6206,0.0877,200,91.5957,170-200,94.9075
0.35,1134.4594,95.0504,0.6,0.0747,200,91.5957,200-200,91.5957
0.4,1123.2413,94.1105,0.5846,0.0667,200,91.5957,200-200,91.5957
0.45,1115.2609,93.4418,0.5737,0.0621,200,91.5957,200-200,91.5957
0.5,1108.4968,92.8751,0.5651,0.0588,200,91.5957,200-200,91.5957
